KingKarnaCheatsCK2_governments_FeudalAI;Feudal;Féodalité;Feudalsystem;;Feudal;;;;;;;;;x
KingKarnaCheatsCK2_governments_FeudalPlayer;Feudal;Féodalité;Feudalsystem;;Feudal;;;;;;;;;x
KingKarnaCheatsCK2_governments_FeudalAI_desc;Feudal government revolves around the oath between liege and vassal, and Feudal lords can only directly own so many Holdings before they must start to rely on vassals - whose loyalty may vary... There are several Succession Laws to pick between - each with its own merits. The Centralization Law controls the maximum size of your Demesne and the number of direct vassals you can have. If you should convert to a religion in the [muslim.GetGroupName] group, your government form will change to Iqta.;Un gouvernement féodal repose sur un serment entre un seigneur et son vassal, et les seigneurs féodaux ne peuvent posséder directement qu'un nombre limité de propriétés avant de devoir s'appuyer sur des vassaux – dont la loyauté peut laisser à désirer... Vous pouvez choisir une loi de succession, chacune ayant ses propres mérites. La loi de centralisation contrôle la taille maximale de votre domaine et le nombre de vassaux directs que vous pouvez avoir. Si vous vous convertissez à une religion du groupe [muslim.GetGroupName], votre gouvernement se changera en iqtâ.;Im Zentrum einer Feudalregierung steht der Eid zwischen Lehnsherr und Vasall, wobei ein feudaler Fürst nur eine begrenze Anzahl an Besitztümern direkt halten kann, bevor er sich auf seine Vasallen verlassen muss, dessen Loyalität variiert... Für die Erbfolge stehen verschiedene Gesetze zur Wahl, von denen jedes seine Vorzüge hat. In den Zentralisierungsgesetzen ist die maximale Größe der Domäne und die mögliche Anzahl der direkten Vasallen festgelegt. Wenn Ihr zu einer Religion der [muslim.GetGroupName]en Religionsgruppe konvertieren solltet, wird Eure Regierungsform zur Iqta geändert.;;El gobierno feudal gira alrededor del juramento entre señor y vasallo, y los señores feudales solo pueden poseer directamente un cierto número de posesiones antes de empezar a confiar en sus vasallos - cuya lealtad puede variar… Hay varias leyes de sucesión para elegir, cada una con sus propios méritos. La ley de centralización controla el tamaño máximo de tu domino y el número de vasallos directos que puedes tener. Si te conviertes a una religión del grupo [muslim.GetGroupName], tu forma del gobierno cambiará a Iqta.;;;;;;;;;x
KingKarnaCheatsCK2_governments_FeudalPlayer_desc;Feudal government revolves around the oath between liege and vassal, and Feudal lords can only directly own so many Holdings before they must start to rely on vassals - whose loyalty may vary... There are several Succession Laws to pick between - each with its own merits. The Centralization Law controls the maximum size of your Demesne and the number of direct vassals you can have. If you should convert to a religion in the [muslim.GetGroupName] group, your government form will change to Iqta.;Un gouvernement féodal repose sur un serment entre un seigneur et son vassal, et les seigneurs féodaux ne peuvent posséder directement qu'un nombre limité de propriétés avant de devoir s'appuyer sur des vassaux – dont la loyauté peut laisser à désirer... Vous pouvez choisir une loi de succession, chacune ayant ses propres mérites. La loi de centralisation contrôle la taille maximale de votre domaine et le nombre de vassaux directs que vous pouvez avoir. Si vous vous convertissez à une religion du groupe [muslim.GetGroupName], votre gouvernement se changera en iqtâ.;Im Zentrum einer Feudalregierung steht der Eid zwischen Lehnsherr und Vasall, wobei ein feudaler Fürst nur eine begrenze Anzahl an Besitztümern direkt halten kann, bevor er sich auf seine Vasallen verlassen muss, dessen Loyalität variiert... Für die Erbfolge stehen verschiedene Gesetze zur Wahl, von denen jedes seine Vorzüge hat. In den Zentralisierungsgesetzen ist die maximale Größe der Domäne und die mögliche Anzahl der direkten Vasallen festgelegt. Wenn Ihr zu einer Religion der [muslim.GetGroupName]en Religionsgruppe konvertieren solltet, wird Eure Regierungsform zur Iqta geändert.;;El gobierno feudal gira alrededor del juramento entre señor y vasallo, y los señores feudales solo pueden poseer directamente un cierto número de posesiones antes de empezar a confiar en sus vasallos - cuya lealtad puede variar… Hay varias leyes de sucesión para elegir, cada una con sus propios méritos. La ley de centralización controla el tamaño máximo de tu domino y el número de vasallos directos que puedes tener. Si te conviertes a una religión del grupo [muslim.GetGroupName], tu forma del gobierno cambiará a Iqta.;;;;;;;;;x
KingKarnaCheatsCK2_governments_RepublicAI;Republic;République;Republik;;república;;;;;;;;;x
KingKarnaCheatsCK2_governments_RepublicPlayer;Republic;République;Republik;;república;;;;;;;;;x
KingKarnaCheatsCK2_governments_RepublicAI_desc;Playing as a Patrician within a Merchant Republic is not entirely dissimilar from playing a Feudal lord - you are still after more Holdings, and you need an heir of your family. However, leadership of the Republic changes between the five major Patrician families through special elections. Patricians can also build a network of Trade Posts, even in the counties of other powers...;Jouer un patricien au sein d'une république marchande est semblable à l'expérience qu'offre un seigneur féodal : vous cherchez toujours à posséder davantage de propriétés et vous devez avoir un héritier pour votre famille. Cependant, la gouvernance de votre république tourne entre les cinq familles patriciennes majeures par le biais d'élections spéciales. Les patriciens peuvent ainsi construire un réseau de comptoirs, même dans les comtés qui dépendent d'autres régimes...;Als Patrizier einer Handelsrepublik zu spielen, ähnelt dem Spiel als Feudalherrscher. Nach wie vor ist der Erwerb neuer Liegenschaften Euer Ziel und auch für einen Erben müsst Ihr sorgen. Allerdings gibt es innerhalb einer Republik spezielle Wahlen, durch die festgelegt wird, welche der fünf großen Patrizierfamilien die politische Führung der Republik übernimmt. Daneben können Patrizier ein Netzwerk von Handelsposten aufbauen, sogar auf dem Gebiet anderer Mächte ...;;Encarnar a un patricio de una república mercante no es completamente diferente a encarnar a un señor feudal: sigues tratando de hacerte con más propiedades y necesitas un heredero en tu familia. No obstante, el liderazgo de la República cambia entre las cinco familias de patricios principales a través de unas elecciones especiales. Los patricios también pueden establecer una red de puestos comerciales, incluso en países de otras potencias...;;;;;;;;;x
KingKarnaCheatsCK2_governments_RepublicPlayer_desc;Playing as a Patrician within a Merchant Republic is not entirely dissimilar from playing a Feudal lord - you are still after more Holdings, and you need an heir of your family. However, leadership of the Republic changes between the five major Patrician families through special elections. Patricians can also build a network of Trade Posts, even in the counties of other powers...;Jouer un patricien au sein d'une république marchande est semblable à l'expérience qu'offre un seigneur féodal : vous cherchez toujours à posséder davantage de propriétés et vous devez avoir un héritier pour votre famille. Cependant, la gouvernance de votre république tourne entre les cinq familles patriciennes majeures par le biais d'élections spéciales. Les patriciens peuvent ainsi construire un réseau de comptoirs, même dans les comtés qui dépendent d'autres régimes...;Als Patrizier einer Handelsrepublik zu spielen, ähnelt dem Spiel als Feudalherrscher. Nach wie vor ist der Erwerb neuer Liegenschaften Euer Ziel und auch für einen Erben müsst Ihr sorgen. Allerdings gibt es innerhalb einer Republik spezielle Wahlen, durch die festgelegt wird, welche der fünf großen Patrizierfamilien die politische Führung der Republik übernimmt. Daneben können Patrizier ein Netzwerk von Handelsposten aufbauen, sogar auf dem Gebiet anderer Mächte ...;;Encarnar a un patricio de una república mercante no es completamente diferente a encarnar a un señor feudal: sigues tratando de hacerte con más propiedades y necesitas un heredero en tu familia. No obstante, el liderazgo de la República cambia entre las cinco familias de patricios principales a través de unas elecciones especiales. Los patricios también pueden establecer una red de puestos comerciales, incluso en países de otras potencias...;;;;;;;;;x
KingKarnaCheatsCK2_governments_TheocracyAI;Theocracy;Théocratie;Theokratie;;teocracia;;;;;;;;;x
KingKarnaCheatsCK2_governments_TheocracyAI_desc;Theocracies, like minor republics, are unplayable. Rulers are appointed or elected from among the ecclesiarchy, and there is no dynastic persistence between generations of rulers.;Les théocraties, à l'instar des républiques mineures, ne sont pas jouables. Les seigneurs sont nommés ou élus parmi l'ecclésiarchie et il n'y a aucune persistance dynastique entre les générations.;Theokratien sind so wie die kleineren Republiken nicht spielbar. Zum Herrscher werden Geistliche bestimmt und es gibt keine dynastische Kontinuität innerhalb der Folge der Herrscher.;;Las teocracias, como las repúblicas menores, tampoco son jugables. Los gobernantes son designados o elegidos entre la jerarquía eclesial y no hay ninguna persistencia dinástica entre las generaciones de gobernantes;;;;;;;;;x
KingKarnaCheatsCK2_governments_TheocracyPlayer;Theocracy;Théocratie;Theokratie;;teocracia;;;;;;;;;x
KingKarnaCheatsCK2_governments_TheocracyPlayer_desc;Theocracies, like minor republics, are unplayable. Rulers are appointed or elected from among the ecclesiarchy, and there is no dynastic persistence between generations of rulers.;Les théocraties, à l'instar des républiques mineures, ne sont pas jouables. Les seigneurs sont nommés ou élus parmi l'ecclésiarchie et il n'y a aucune persistance dynastique entre les générations.;Theokratien sind so wie die kleineren Republiken nicht spielbar. Zum Herrscher werden Geistliche bestimmt und es gibt keine dynastische Kontinuität innerhalb der Folge der Herrscher.;;Las teocracias, como las repúblicas menores, tampoco son jugables. Los gobernantes son designados o elegidos entre la jerarquía eclesial y no hay ninguna persistencia dinástica entre las generaciones de gobernantes;;;;;;;;;x
KingKarnaCheatsCK2_governments_TribalAI;Tribal;Organisation tribale;Stammesregierung;;Tribal;;;;;;;;;x
KingKarnaCheatsCK2_governments_TribalPlayer;Tribal;Organisation tribale;Stammesregierung;;Tribal;;;;;;;;;x
KingKarnaCheatsCK2_governments_TribalAI_desc;Tribes are settled, but agrarian. Each County can only have one Tribal 'Holding', representing the entire local tribal population - the more empty Holding slots, the more powerful the Tribal Holding. Tribal rulers are most often seen using the 'Elective Gavelkind' Succession Law, which tends to fragment the realm between sons on the death of the chief.;Les tribus sont sédentaires mais agraires. Chaque comté ne peut disposer que d'une seule propriété tribale, qui représente la population locale entière de la tribu – plus vous avez d'emplacements de propriété vides, plus la propriété tribale gagne en puissance. Les seigneurs tribaux sont souvent la loi de succession par partage salique électif en vigueur, ce qui a tendance à fragmenter le territoire contrôlé entre les fils à la mort du chef.;Stämme sind sesshaft, aber landwirtschaftlich ausgerichtet. Jede Grafschaft kann nur ein "Stammesbesitztum" haben. Dort befindet sich die gesamte Stammesbevölkerung. Je mehr freie Bauplätze vorhanden sind, desto mächtiger ist der dortige Stamm. Stammesherrscher berufen sich bei Erbfolge oft auf die "Wahlweise Erbteilung", wodurch das Reich unter den Söhnen des Häuptlings aufgeteilt wird und zumeist zerfällt.;;Las tribus están asentadas y agrarias. Los condados solo tendrán una ‘posesión’ tribal, representando a toda la población tribal. Cuantas más casillas de posesiones vacías, más poderosa será la tribal. Los gobernantes tribales suelen usar la ley de sucesión ‘equitativa electiva’, que divide el reino entre hijos a la muerte del jefe.;;;;;;;;;x
KingKarnaCheatsCK2_governments_TribalPlayer_desc;Tribes are settled, but agrarian. Each County can only have one Tribal 'Holding', representing the entire local tribal population - the more empty Holding slots, the more powerful the Tribal Holding. Tribal rulers are most often seen using the 'Elective Gavelkind' Succession Law, which tends to fragment the realm between sons on the death of the chief.;Les tribus sont sédentaires mais agraires. Chaque comté ne peut disposer que d'une seule propriété tribale, qui représente la population locale entière de la tribu – plus vous avez d'emplacements de propriété vides, plus la propriété tribale gagne en puissance. Les seigneurs tribaux sont souvent la loi de succession par partage salique électif en vigueur, ce qui a tendance à fragmenter le territoire contrôlé entre les fils à la mort du chef.;Stämme sind sesshaft, aber landwirtschaftlich ausgerichtet. Jede Grafschaft kann nur ein "Stammesbesitztum" haben. Dort befindet sich die gesamte Stammesbevölkerung. Je mehr freie Bauplätze vorhanden sind, desto mächtiger ist der dortige Stamm. Stammesherrscher berufen sich bei Erbfolge oft auf die "Wahlweise Erbteilung", wodurch das Reich unter den Söhnen des Häuptlings aufgeteilt wird und zumeist zerfällt.;;Las tribus están asentadas y agrarias. Los condados solo tendrán una ‘posesión’ tribal, representando a toda la población tribal. Cuantas más casillas de posesiones vacías, más poderosa será la tribal. Los gobernantes tribales suelen usar la ley de sucesión ‘equitativa electiva’, que divide el reino entre hijos a la muerte del jefe.;;;;;;;;;x
delete_holding1;Destroy Holding;;;;;;;;;;;;;x
delete_holding1_desc;Destroys this holding.;;;;;;;;;;;;;x
KingKarnaCheatsCK2_EmployRandomCharacter;Employ Random Character;;;;;;;;;;;;;x
KingKarnaCheatsCK2_PietyToWealth;Change Piety To Wealth;;;;;;;;;;;;;x
KingKarnaCheatsCK2_PrestigeToWealth;Change Prestige To Wealth;;;;;;;;;;;;;x
KingKarnaCheatsCK2_Cheat1;Government Cheat;;;;;;;;;;;;;x
KingKarnaCheatsCK2_Cheat2;Religion Cheat;;;;;;;;;;;;;x
KingKarnaCheatsCK2_retinue_subunits_Infantry1;Old Guard;;;;;;;;;;;;;x
KingKarnaCheatsCK2_retinue_subunits_Infantry2;New Model;;;;;;;;;;;;;x
KingKarnaCheatsCK2_retinue_subunits_cavalry1;Hussar;;;;;;;;;;;;;x
KingKarnaCheatsCK2_retinue_subunits_cavalry2;Camels;;;;;;;;;;;;;x
KingKarnaCheatsCK2_retinue_subunits_cavalry3;Keshic;;;;;;;;;;;;;x
KingKarnaCheatsCK2_retinue_subunits_cavalry4;Elephant;;;;;;;;;;;;;x